player_name,team,position,price_m
Fernando Muslera,Galatasaray,GK,9.2
Mert Günok,Beşiktaş JK,GK,7.3
Onurcan Piri,Kayserispor,GK,7.4
Okan Kocuk,Samsunspor,GK,7.2
Uğurcan Çakır,Trabzonspor,GK,7.3
Emre Bilgin,Fatih Karagümrük,GK,7.4
Ali Şaşal Vural,Sivasspor,GK,7.5
Rüzgar Adıyaman,Bodrum FK,GK,7.6
Abdullah Yiğiter,Antalyaspor,GK,7.8
Ertuğrul Taşkıran,Alanyaspor,GK,7.9
Ersin Destanoğlu,Beşiktaş JK,GK,7.9
Emir Dadük,Hatayspor,GK,8.0
Volkan Babacan,Başakşehir FK,GK,8.2
Diogo Sousa,Bodrum FK,GK,8.3
Halil Bağcı,Gaziantep FK,GK,8.5
Gökhan Akkan,Bodrum FK,GK,8.6
Ertaç Özbir,MKE Ankaragücü,GK,6.3
Taha Tepe,Trabzonspor,GK,6.3
İrfan Can Eğribayat,Fenerbahçe,GK,6.2
Dominik Livaković,Fenerbahçe,GK,6.2
Bahadır Han Güngördü,MKE Ankaragücü,GK,6.1
Sokratis Dioudis,Gaziantep FK,GK,6.0
Jakub Szumski,Samsunspor,GK,6.0
Matías Dituro,Fatih Karagümrük,GK,6.0
Burak Bozan,Gaziantep FK,GK,6.0
Helton Leite,Antalyaspor,GK,6.0
Florin Niță,Gaziantep FK,GK,6.0
Yusuf Karagöz,Alanyaspor,GK,5.9
Altay Bayındır,Fenerbahçe,GK,5.8
Bilal Bayazit,Kayserispor,GK,5.7
Ivo Grbić,Çaykur Rizespor,GK,5.7
Kenan Pirić,Antalyaspor,GK,5.6
Alp Arda,İstanbulspor,GK,5.6
Ali Emre Yanar,Kasımpaşa,GK,5.6
Andreas Gianniotis,Kasımpaşa,GK,5.5
Deniz Dilmen,Başakşehir FK,GK,5.5
Muhammed Şengezer,Başakşehir FK,GK,5.5
Salvatore Sirigu,Fatih Karagümrük,GK,5.5
Mateusz Lis,Göztepe,GK,5.4
Birkan Tetik,Eyüpspor,GK,5.4
Abdülkerim Bardakcı,Galatasaray,DF,7.6
Sagiv Jehezkel,Antalyaspor,DF,7.6
Thomas Meunier,Trabzonspor,DF,7.3
Omar Colley,Beşiktaş JK,DF,7.3
Pedro Malheiro,Trabzonspor,DF,7.4
Ismail Jakobs,Galatasaray,DF,7.5
Roland Sallai,Galatasaray,DF,7.6
Sinan Osmanoğlu,Çaykur Rizespor,DF,7.7
Davinson Sánchez,Galatasaray,DF,7.8
Arthur Masuaku,Beşiktaş JK,DF,7.6
Filip Benković,Trabzonspor,DF,7.4
Uroš Radaković,Sivasspor,DF,7.5
Ferdi Kadıoğlu,Fenerbahçe,DF,7.7
Joe Worrall,Beşiktaş JK,DF,7.8
Casper Højer,Çaykur Rizespor,DF,7.9
Zeki Yavru,Samsunspor,DF,8.0
Ľubomír Šatka,Samsunspor,DF,5.7
Stefano Denswil,Trabzonspor,DF,5.7
Gabriel Paulista,Beşiktaş JK,DF,5.7
Sacha Boey,Galatasaray,DF,5.6
Riechedly Bazoer,Konyaspor,DF,5.5
Marc Bola,Samsunspor,DF,5.4
Ramazan Civelek,Kayserispor,DF,5.4
Kaan Ayhan,Galatasaray,DF,5.4
Taha Şahin,Çaykur Rizespor,DF,5.4
Yigit Ali Buz,Hatayspor,DF,5.4
Arseniy Batagov,Trabzonspor,DF,5.3
Mert Müldür,Fenerbahçe,DF,5.3
Rick Van Drongelen,Samsunspor,DF,5.3
Milan Škriniar,Fenerbahçe,DF,5.2
Jonas Svensson,Beşiktaş JK,DF,5.2
Uğur Çiftçi,Sivasspor,DF,5.2
Thalisson,Antalyaspor,DF,5.2
Yasin Özcan,Kasımpaşa,DF,5.2
Serdar Aziz,Fenerbahçe,DF,5.2
Jayden Oosterwolde,Fenerbahçe,DF,5.0
Fidan Aliti,Alanyaspor,DF,5.0
Alim Öztürk,Samsunspor,DF,5.0
Gökhan Sazdağı,Kayserispor,DF,5.0
Djalma,Göztepe,DF,4.9
Bilal Boutobba,Hatayspor,MF,9.3
Rafa Silva,Beşiktaş JK,MF,8.7
Lucas Torreira,Galatasaray,MF,8.4
Emre Kılınç,Samsunspor,MF,8.5
Ibrahim Olawoyin,Çaykur Rizespor,MF,8.6
Miguel Cardoso,Kayserispor,MF,8.6
Barış Alper Yılmaz,Galatasaray,MF,8.7
Oleksandr Zubkov,Trabzonspor,MF,8.6
Haris Hajradinović,Kasımpaşa,MF,8.5
Mahmoud Trézéguet,Trabzonspor,MF,8.7
Görkem Sağlam,Hatayspor,MF,8.8
Mamadou Fall,Kasımpaşa,MF,8.9
Alexandru Maxim,Gaziantep FK,MF,9.0
Gedson Fernandes,Beşiktaş JK,MF,8.8
Talisca,Fenerbahçe,MF,8.9
Nabil Alioui,Adana Demirspor,MF,9.0
Altin Zeqiri,Çaykur Rizespor,MF,6.7
Yunus Akgün,Galatasaray,MF,6.6
Milot Rashica,Beşiktaş JK,MF,6.6
Tasos Bakasetas,Trabzonspor,MF,6.5
Sam Larsson,Antalyaspor,MF,6.4
Yusuf Özdemir,Alanyaspor,MF,6.4
João Mário,Beşiktaş JK,MF,6.4
Olivier Ntcham,Samsunspor,MF,6.3
Hakim Ziyech,Galatasaray,MF,6.2
Florent Hadergjonaj,Alanyaspor,MF,6.2
Yusuf Sarı,Başakşehir FK,MF,6.2
Ahmed Ildız,Göztepe,MF,6.1
Cengiz Ünder,Fenerbahçe,MF,6.1
Muhammed-Cham Saračević,Trabzonspor,MF,6.1
Fisayo Dele-Bashiru,Hatayspor,MF,6.1
David Tijanič,Göztepe,MF,6.1
Deian Sorescu,Gaziantep FK,MF,6.0
Derrick Köhn,Galatasaray,MF,6.0
Jonjo Shelvey,Eyüpspor,MF,6.0
Miguel Crespo,Başakşehir FK,MF,5.9
Fred,Fenerbahçe,MF,5.9
Valentin Eysseric,Fatih Karagümrük,MF,5.9
Aylton Boa Morte,Kayserispor,MF,5.9
Mario Lemina,Galatasaray,MF,5.9
Victor Osimhen,Galatasaray,FW,10.2
Mauro Icardi,Galatasaray,FW,9.5
Ali Sowe,Çaykur Rizespor,FW,9.6
Paul Onuachu,Trabzonspor,FW,9.2
Cherif Ndiaye,Adana Demirspor,FW,9.3
Rômulo,Göztepe,FW,9.1
Ciro Immobile,Beşiktaş JK,FW,9.1
Nuno Da Costa,Kasımpaşa,FW,9.2
Jonathan Okoronkwo,Hatayspor,FW,8.8
Nany Dimata,Samsunspor,FW,8.8
Marcão,Fatih Karagümrük,FW,8.9
Youssef En-Nesyri,Fenerbahçe,FW,9.1
Rey Manaj,Sivasspor,FW,9.2
Álvaro Morata,Galatasaray,FW,9.3
Adam Buksa,Antalyaspor,FW,9.5
John Mary,Çaykur Rizespor,FW,9.4
Dušan Tadić,Fenerbahçe,FW,7.1
M'Baye Niang,Adana Demirspor,FW,7.1
Andraž Šporar,Alanyaspor,FW,7.0
Sokol Cikalleshi,Konyaspor,FW,7.0
Emrecan Bulut,Çaykur Rizespor,FW,6.9
Ahmed Hassan,Alanyaspor,FW,6.8
Kubilay Kanatsızkuş,Göztepe,FW,6.7
Simon Banza,Trabzonspor,FW,6.7
Krzysztof Piątek,Başakşehir FK,FW,6.7
Kerem Aktürkoğlu,Galatasaray,FW,6.6
Can Keleş,Kasımpaşa,FW,6.6
Mame Thiam,Eyüpspor,FW,6.6
Duckens Nazon,Kayserispor,FW,6.5
Hwang Ui-Jo,Alanyaspor,FW,6.5
Umut Nayir,Konyaspor,FW,6.5
Danylo Sikan,Trabzonspor,FW,6.5
Edin Džeko,Fenerbahçe,FW,6.5
Vincent Aboubakar,Hatayspor,FW,6.5
Salih Kavrazlı,Adana Demirspor,FW,6.4
Bertuğ Yıldırım,Hatayspor,FW,6.3
Güven Yalçın,Fatih Karagümrük,FW,6.3
Juan Santos da Silva,Göztepe,FW,6.3
Sergio Córdova,Alanyaspor,FW,6.2
Emmanuel Boateng,Gaziantep FK,FW,6.1
